true_init_x,true_init_y,true_init_z,diff_x,diff_y,diff_z,diff_phi,diff_theta,diff_psi,r_std,phi_std,theta_std,psi_std,time_or_speed,Tf,v_average,mp_method,Cost
0.0,0.0,-2,0.20631046515553156,-3.7757214481068226,0.0817235136230341,0.038663186487630834,0.061441706745634414,0.11556919018295808,0.008907536044716835,0.0001260068383999169,0.00017908710287883878,0.001947605051100254,1,1.8887998188490136,2.0024550828656893,min_vel,2308.2490500263257
0.0,0.0,-2,0.09630368205979764,-1.13597002061015,0.19695171601865646,0.038663186487630834,0.061441706745634414,-0.21994487842055777,0.0077284350991249084,0.00019425200298428535,0.00022276039817370474,0.0019380105659365654,1,0.5777569118549055,2.0024550828656893,min_vel,150.24477903954394
0.0,0.0,-2,1.9385582602714344,-2.9707518832386097,-0.2520136026119357,0.050003923322905805,0.03625418331468389,0.686903969445501,0.006943356245756149,8.555705426260829e-05,0.00018071022350341082,0.0018801518017426133,0,5.29738135755101,2.0024550828656893,min_vel,1001322.5394718762
0.0,0.0,-2,-0.07057854219765025,-3.5465589397369692,0.004109454318461658,0.17065273036176049,-0.16914383074718647,0.20086248318222588,0.007853744551539421,0.00012319342931732535,0.0001845969818532467,0.0019285104935988784,1,2.020068566713087,1.756011447151962,min_vel,2586.441336952857
0.0,0.0,-2,0.1594873658348044,-3.7019297874089,0.12529260813416476,-0.05302404372124584,0.05249920385222089,0.3363071242955069,0.009799949824810028,0.0001374635612592101,0.00018261572404298931,0.0019565706606954336,1,5.875384284490295,0.6310193951319425,min_vel,21311.378083329215
0.0,0.0,-2,0.09767337230668666,-1.9542906168488536,0.18677530897446304,-0.05302404372124584,0.05249920385222089,-0.8071767528864997,0.007733602076768875,0.00017366628162562847,0.00020972889615222812,0.001940632937476039,1,3.114997437581811,0.6310193951319425,min_vel,3807.9130945045213
0.0,0.0,-2,-0.36566823658444364,-3.3005031723774234,0.08366716299239774,0.15363316937502045,-0.15390702864899353,0.20231278339890046,0.00842227227985859,0.00015022631851024926,0.0001943047682289034,0.0019451918778941035,1,0.7716915503746179,1.4348356938349982,min_snap,364.05317824475617
0.0,0.0,-2,-0.2293797462956433,-2.5616297676049475,-1.380980914424832,0.15363316937502045,-0.15390702864899353,0.447832659879003,0.006477035582065582,0.00012445892207324505,0.0001959538203664124,0.0019002858316525817,1,0.6781705716471779,1.4348356938349982,min_snap,345.4365868274057
0.0,0.0,-2,-0.3504027346206011,-1.762282287919152,-1.7765318283146097,0.15363316937502045,-0.15390702864899353,-0.1563986976954601,0.005086544901132584,0.0001275304239243269,0.00020424839749466628,0.0018826110754162073,1,0.5870019611880255,1.4348356938349982,min_snap,233.15535474096376
0.0,0.0,-2,-0.8228365806506042,-1.2564844856486266,-2.1730619640192725,0.15363316937502045,-0.15390702864899353,-0.23549334605666572,0.004493542015552521,0.00013347953790798783,0.00020760667393915355,0.0018826380837708712,1,0.6136806318973578,1.4348356938349982,min_snap,261.06453307355645
0.0,0.0,-2,-0.14160182212909517,-1.2639307460355882,-1.7568754242426001,0.15363316937502045,-0.15390702864899353,0.11774928967026277,0.005052970722317696,0.0001598429516889155,0.000218803936149925,0.00189420604147017,1,0.5038702181010474,1.4348356938349982,min_snap,1000000000.0
0.0,0.0,-2,-0.08583216315068931,-3.314642881090787,-0.5843923607216159,-0.11168849907884236,0.057916510379770005,0.2556465427067618,0.008791493251919746,0.00014916242798790336,0.00019309329218231142,0.0019468619721010327,0,1.159223230884477,1.4348356938349982,min_snap,823.6548871111818
0.0,0.0,-2,-0.07316416651089613,-3.0214319971434236,-0.662231674852777,-0.11168849907884236,0.057916510379770005,0.1565619269993641,0.007724374532699585,0.00014015519991517067,0.00019528577104210854,0.0019267827738076448,0,1.0652834656326096,1.4348356938349982,min_snap,737.2680870781861
0.0,0.0,-2,-0.13058484870596465,-2.727801753861031,-0.5876769456558004,-0.11168849907884236,0.057916510379770005,0.19170148769882722,0.00729992613196373,0.00014671433018520474,0.0002018056547967717,0.0019196455832570791,0,0.9617935258838107,1.4348356938349982,min_snap,599.2574182408829
0.0,0.0,-2,0.1422981632718784,-3.894231331579705,-0.5636020537889379,-0.006293269600090415,-0.0013945595590621692,0.2946027080204823,0.008028572425246239,9.515634155832231e-05,0.00017087484593503177,0.0019210504833608866,1,0.5348606905445309,2.453833038545995,min_snap,172.78226834702687
0.0,0.0,-2,-0.7613579025974744,-2.1464116612115807,-1.5030458444497092,-0.006293269600090415,-0.0013945595590621692,0.03309090534714243,0.003611307591199875,5.834823241457343e-05,0.00018102741159964353,0.00183592620305717,1,0.37067407251561196,2.453833038545995,min_snap,1000000000000.0
0.0,0.0,-2,0.033857375859144306,-3.5339011938469174,0.05434402846880926,0.051069631778546135,0.08821122219354283,0.1909929076817376,0.008980536833405495,0.00014285941142588854,0.00018772782641462982,0.001951191108673811,0,1.333030199137568,2.453833038545995,min_snap,1092.1049068163477
0.0,0.0,-2,-0.08784945718045281,-3.325494570164398,-0.8934353912821127,0.051069631778546135,0.08821122219354283,0.3779006759312493,0.007902884855866432,0.0001245108142029494,0.0001862994977273047,0.001926169265061617,0,1.2991091043892495,2.453833038545995,min_snap,1087.5881536317747
0.0,0.0,-2,-0.01200208527365143,-3.108205409482886,-0.860548397239536,0.051069631778546135,0.08821122219354283,0.24641044537094658,0.007308408617973328,0.000122465833555907,0.00018929358338937163,0.0019149619620293379,0,1.216367954472299,2.453833038545995,min_snap,944.1968109916959
0.0,0.0,-2,0.13574161069261337,-2.8158395047906106,-0.8576979273922927,0.051069631778546135,0.08821122219354283,0.23663123051193735,0.006923148408532143,0.0001289098581764847,0.000195449247257784,0.0019086418906226754,0,1.1113473322676002,2.453833038545995,min_snap,790.9348645921759
0.0,0.0,-2,0.09761653146534513,-2.653336224855609,-0.41518842973295866,0.051069631778546135,0.08821122219354283,-0.18757598002883413,0.007574029266834259,0.00016238191165030003,0.00020607640908565372,0.0019327454501762986,0,1.0135523803577566,2.453833038545995,min_snap,658.6901161792296
0.0,0.0,-2,-0.48416468274521524,-3.79170074626587,-0.372127400683121,0.1440256088607502,0.08659546548283535,0.021648720898900242,0.007520927116274834,0.00010534044122323394,0.00017471500905230641,0.001926490105688572,1,0.7985420721067111,1.6031542690765141,min_snap,392.91370768680616
0.0,0.0,-2,-1.0445185891451265,-2.300946899431544,-2.0641821779196503,0.1440256088607502,0.08659546548283535,0.2375493804600577,0.0035529546439647675,5.0643517170101404e-05,0.00017444093828089535,0.0018411646597087383,1,0.6784240337371873,1.6031542690765141,min_snap,353.6822714646382
0.0,0.0,-2,0.149468907051384,-1.58763302106665,-0.642806165797905,0.1440256088607502,0.08659546548283535,-0.6311563690516611,0.004685353487730026,0.00013953339657746255,0.00021078839199617505,0.001883551012724638,1,0.35749042165026795,1.6031542690765141,min_snap,92.30546706514662
0.0,0.0,-2,-1.0275270277119584,-3.28855401527769,-1.55201255940705,0.1440256088607502,0.08659546548283535,0.30157931248215264,0.006818946450948715,0.00014624657342210412,0.00019753062224481255,0.0019294063095003366,1,0.7856959057684523,1.6031542690765141,min_snap,422.89965442795636
0.0,0.0,-2,0.07038379371783121,-1.9021241523817536,-1.6257556490219107,0.1440256088607502,0.08659546548283535,-0.5636600693080087,0.004966352134943008,0.00014428235590457916,0.00020620612485799938,0.0019031474366784096,1,0.5204781378502644,1.6031542690765141,min_snap,1000000000.0
0.0,0.0,-2,0.04193630739094914,-3.8388292003952658,0.26994139924452076,0.03865105030292255,0.06775962709035141,0.3313616077092034,0.009352119639515877,0.00012071031960658729,0.0001767027424648404,0.0019459049217402935,0,1.4369966279432316,1.6031542690765141,min_snap,1265.6612010608067
0.0,0.0,-2,0.5171511163948975,-3.6064442953238154,-0.45463992308679146,0.03865105030292255,0.06775962709035141,0.08648379246262095,0.008229926228523254,0.00010929841664619744,0.00017735820438247174,0.0019261105917394161,0,1.3709273621176974,1.6031542690765141,min_snap,1207.3520237837713
0.0,0.0,-2,0.3387096907034698,-3.527062278526249,-0.4325004762079685,0.03865105030292255,0.06775962709035141,-0.03080741961928779,0.007827341556549072,0.00011215417180210352,0.0001800903701223433,0.0019231881015002728,0,1.332840030060547,1.6031542690765141,min_snap,1135.128168394308
0.0,0.0,-2,0.13040356079322024,-2.8438715455861407,-0.48693329806638075,0.03865105030292255,0.06775962709035141,-0.13014905055495696,0.006487149745225906,0.00011655231355689466,0.00019052266725338995,0.0019021607004106045,0,1.0784195469331188,1.6031542690765141,min_snap,749.7238032460024
0.0,0.0,-2,-0.248371686525107,-2.5264880932075138,-0.42133689669480257,0.03865105030292255,0.06775962709035141,0.07105334202316826,0.006511541083455086,0.00013997440692037344,0.00020296766888350248,0.0019056986784562469,0,0.9608736857916113,1.6031542690765141,min_snap,595.4210762743476
0.0,0.0,-2,-0.10684757355852631,-2.3142898332631976,-0.5108564215254572,0.03865105030292255,0.06775962709035141,-0.32283584674331167,0.0069954972714185715,0.00017568119801580906,0.00021533126709982753,0.0019285965245217085,0,0.885828718230933,1.6031542690765141,min_snap,507.5184575593648
0.0,0.0,-2,-0.035068007624081576,-1.9376496689108134,-0.2655430096704756,0.03865105030292255,0.06775962709035141,-0.6470832069728036,0.007722176611423492,0.0002237368025816977,0.0002313635341124609,0.0019609658047556877,0,0.7303744159089104,1.6031542690765141,min_snap,346.5544137084079
0.0,0.0,-2,-0.28227393524107175,-1.1008086475118755,-0.10178912352955871,0.03865105030292255,0.06775962709035141,0.2090521613743641,0.00829421915113926,0.0002639913000166416,0.00025293586077168584,0.001966492971405387,0,0.42602535112752166,1.6031542690765141,min_snap,120.53609433778426
0.0,0.0,-2,-0.4334528653522114,-1.3060885623386715,-0.5219179712755402,0.03865105030292255,0.06775962709035141,-0.2536024292323251,0.008706070482730865,0.00028919748729094863,0.00026004022220149636,0.001986892893910408,0,0.5495460073080082,1.6031542690765141,min_snap,161.42330194729092
0.0,0.0,-2,0.03636995565964007,-2.2158610288517564,-0.6594573876633172,-0.15250380165216526,0.09773262607880644,-0.25049583514663176,0.009877942502498627,0.0002701407065615058,0.00023820565547794104,0.002015810925513506,1,0.48988988236189046,1.5732755073836246,min_snap,145.14258439734826
0.0,0.0,-2,-0.46570595022787775,-2.2870233753686584,-0.8572902220414238,-0.15250380165216526,0.09773262607880644,-0.6359416683528083,0.008871372789144516,0.00025652325712144375,0.00023391608556266874,0.0020055770874023438,1,0.5268041149888368,1.5732755073836246,min_snap,205.86244976853018
0.0,0.0,-2,-0.029935835091164598,-0.5661703612673711,0.1202744664371127,-0.15250380165216526,0.09773262607880644,-0.04486195643874602,0.010204508900642395,0.00032525809365324676,0.00026807276299223304,0.002022102242335677,1,0.12279652113155358,1.5732755073836246,min_snap,9.591907885225066
0.0,0.0,-2,-0.6913584889751827,-2.6005554586166664,0.16515471561895367,-0.15250380165216526,0.09773262607880644,0.021719531216893406,0.010437756776809692,0.00029807700775563717,0.0002485939476173371,0.002031620591878891,1,0.5711966419258069,1.5732755073836246,min_snap,1000000000000.0
0.0,0.0,-2,0.22256848284997632,-3.276557153219565,-0.932256917470633,-0.12614339469533986,-0.16164830297019353,0.5330860177662711,0.007759688422083855,0.00011720287147909403,0.0001878202019724995,0.001910883467644453,1,0.6935680089997752,1.6407253591421596,min_snap_full_stop,288.57503561249695
0.0,0.0,-2,-0.18566227732108298,-2.6923382105975042,-1.4523009863882077,-0.12614339469533986,-0.16164830297019353,0.4791768352177481,0.006033752113580704,9.856541873887181e-05,0.0001895994646474719,0.0018767514266073704,1,0.6226293819280991,1.6407253591421596,min_snap_full_stop,283.85823731789867
0.0,0.0,-2,-1.6478117745506173,-2.7046391005642816,-2.5444028664193463,-0.12614339469533986,-0.16164830297019353,-0.11693422397109465,0.00678589940071106,0.00010333023965358734,0.00017979378753807396,0.0019098928896710277,1,0.8253572399546146,1.6407253591421596,min_snap_full_stop,1000000000.0
0.0,0.0,-2,0.3328605603465571,-3.3439102679546746,-0.3200679176512038,-0.022241603562328092,-0.03405038135330305,0.23065765301254793,0.008611373603343964,0.00014620186993852258,0.0001925516698975116,0.0019436012953519821,0,1.440737597592148,1.6407253591421596,min_snap_full_stop,1274.6718313699573
0.0,0.0,-2,0.4327313553577725,-3.1914424476709056,-0.631805097728678,-0.022241603562328092,-0.03405038135330305,0.20335204998520395,0.007982203736901283,0.000138615578180179,0.0001926895638462156,0.001931268023326993,0,1.4007836697619156,1.6407253591421596,min_snap_full_stop,1245.9932643204622
0.0,0.0,-2,0.2427974251351072,-3.512417512805161,-0.4914090358915604,0.017679168925144893,-0.041955374591961844,0.49892695347336335,0.00737202912569046,0.00010176387149840593,0.00018226250540465117,0.001901326235383749,1,0.0,1.8519975046346115,min_snap,1000000000000.0
0.0,0.0,-2,-0.21673357669256815,-3.294195407153219,-1.5733422928411307,-0.08355936069026881,-0.07957922463897649,0.07651479641464753,0.006392119452357292,9.821206913329661e-05,0.0001784020714694634,0.001905424171127379,0,0.0,1.8519975046346115,min_snap,1000000000000.0
0.0,0.0,-2,0.15915204383762355,-3.6811468663856295,-0.10055097917321176,0.0547850611095464,-0.048211937625505435,0.47645218769577546,0.008150782436132431,0.00010655896039679646,0.00017928826855495572,0.0019168306607753038,1,0.0,1.6457662163718183,min_snap,0.0
0.0,0.0,-2,-0.029977995961032577,-1.3219310445921248,0.11374844226274283,0.0547850611095464,-0.048211937625505435,-0.19263212283584075,0.0072312187403440475,0.00017617768025957048,0.00021917885169386864,0.0019194285850971937,1,0.0,1.6457662163718183,min_snap,0.0
0.0,0.0,-2,-0.11292672747664684,-1.1642173690927375,1.0213226878908177,0.0547850611095464,-0.048211937625505435,0.004358605542455374,0.01022452674806118,0.0002581227454356849,0.0002442319819238037,0.0019811305683106184,1,0.0,1.6457662163718183,min_snap,1000000000.0
0.0,0.0,-2,0.08570204890739687,-3.171346187139993,-1.4453857423186514,-0.16477772415226932,-0.009701641391652109,0.0453055659916739,0.007220311090350151,0.0001258586999028921,0.00018719490617513657,0.0019255056977272034,0,0.0,1.6457662163718183,min_snap,1000000000.0
0.0,0.0,-2,0.08570103540472365,-2.722766998596302,-0.8261503031781623,-0.07940000095633971,0.04554536855325091,-0.036320849261011645,0.008133040741086006,0.0001914059103000909,0.00021311145974323153,0.001959331100806594,1,0.0,2.021916696086094,min_snap_stop,1000000000.0
0.0,0.0,-2,0.08873541283042063,-4.660211727593656,0.157435632646715,0.17098469464004226,0.10386783431689622,0.3428667346623282,0.008221518248319626,4.7276902478188276e-05,0.0001460045896237716,0.0019117181655019522,1,0.0,2.366298310488859,min_snap,0.0
0.0,0.0,-2,1.2409070246818905,-1.8734747733705621,-0.8669699254093894,0.17098469464004226,0.10386783431689622,0.34088857571152253,0.0021635442972183228,6.958958692848682e-06,0.0001686801842879504,0.001788061112165451,1,0.0,2.366298310488859,min_snap,1000000000000.0
0.0,0.0,-2,0.06901371229650978,-3.119322609308078,-0.7457945939866399,-0.16136595284388625,0.03978082393068681,0.7706977883961541,0.008125625550746918,0.0001270969514735043,0.00019468451500870287,0.0019084536470472813,0,0.0,2.366298310488859,min_snap,0.0
0.0,0.0,-2,0.5509641332575728,-1.7403989362291181,0.9339111782920533,-0.16136595284388625,0.03978082393068681,-0.6611801822993415,0.009400039911270142,0.00020575677626766264,0.00022025994258001447,0.0019633967895060778,0,0.0,2.366298310488859,min_snap,0.0
0.0,0.0,-2,0.28832533256978377,-3.7119516587012567,-0.7687922656661761,0.006039616157222327,-0.1433688800015115,0.5390985767033436,0.007176745682954788,8.023151895031333e-05,0.0001725884503684938,0.0018932450329884887,1,0.0,1.9954594332534923,min_snap,0.0
0.0,0.0,-2,0.1411306106154678,-1.1305151650105119,0.6918780091024952,0.006039616157222327,-0.1433688800015115,-0.5606083114955087,0.008266877382993698,0.0001923794043250382,0.00021981251484248787,0.001943189767189324,1,0.0,1.9954594332534923,min_snap,1000000000000.0
0.0,0.0,-2,0.08115586040834735,-3.443201281312009,-0.9009309631414828,-0.10978686280549858,-0.11991280780142057,0.5437012473728993,0.007483894005417824,0.00010134023614227772,0.00018201774219051003,0.001901382114738226,0,0.0,1.9954594332534923,min_snap,0.0
0.0,0.0,-2,-0.049237378463131976,-1.5103429868120113,0.5865964423268459,-0.10978686280549858,-0.11991280780142057,-0.3158358772608896,0.008155819028615952,0.0001853006542660296,0.0002183624019380659,0.001936119981110096,0,0.0,1.9954594332534923,min_snap,0.0
0.0,0.0,-2,-0.17613109864250864,-1.8300869263343542,-0.34632931821901813,-0.022817897407575616,0.09775556868139333,-0.18150345881911734,0.010417692363262177,0.0003087414079345763,0.0002558034611865878,0.002029313938692212,1,0.0,0.6902281881312657,min_snap,0.0
0.0,0.0,-2,-0.6712413211768326,-3.222417387592664,-1.4912163305872244,-0.022817897407575616,0.09775556868139333,0.023391083874974683,0.012178204953670502,0.00029463047394528985,0.0002308023103978485,0.002074050484225154,1,0.0,0.6902281881312657,min_snap,1000000000.0
0.0,0.0,-2,0.36274709624861357,-3.5034946664708464,-0.421179026959285,-0.10409062020941909,-0.02125273175126811,0.550308303036962,0.008577628061175346,0.00011934063513763249,0.0001846959494287148,0.0019226712174713612,0,0.0,0.6902281881312657,min_snap,0.0
0.0,0.0,-2,0.10397916805874027,-1.3372909949829448,0.46876445616343076,-0.10409062020941909,-0.02125273175126811,-0.5780948837611335,0.008617084473371506,0.00020481299725361168,0.00022381664894055575,0.001952110673300922,0,0.0,0.6902281881312657,min_snap,0.0
0.0,0.0,-2,-0.11538284347967599,-4.105509611991328,0.18419807590294623,0.13075030937235,0.060886684092906616,0.23152954975632234,0.008623283356428146,9.526481153443456e-05,0.00016628378944005817,0.0019333867821842432,1,0.0,1.1484097989931397,min_snap,0.0
0.0,0.0,-2,0.2768058801357078,-1.1970294624069293,0.0726284069938472,0.13075030937235,0.060886684092906616,-0.308117791018214,0.006427232176065445,0.0001571425818838179,0.00021201986237429082,0.00190830510109663,1,0.0,1.1484097989931397,min_snap,0.0
0.0,0.0,-2,0.3392671656495686,-3.3817536441529747,-0.9026772507574914,-0.09426384851151168,-0.1622685329049052,0.4345528642323355,0.007548373192548752,0.00010981279774568975,0.00018416608509141952,0.001908863545395434,0,0.0,1.1484097989931397,min_snap,1000000000.0
0.0,0.0,-2,-0.5326145977065232,-3.6972863135096676,-0.24932029858988214,0.16177243258238955,0.11851598069578155,0.21664579311874888,0.007548583671450615,0.00010396144352853298,0.00017684174235910177,0.001918905065394938,1,0.0,1.0627084951313859,min_snap,0.0
0.0,0.0,-2,0.3790262787687847,-1.0267796037882704,-0.18516716174199788,0.16177243258238955,0.11851598069578155,0.29698880116013093,0.005674682557582855,0.000153719651279971,0.00021849575568921864,0.0018857039976865053,1,0.0,1.0627084951313859,min_snap,0.0
0.0,0.0,-2,0.27155972757232627,-3.355061545356581,0.11389918783018471,0.04789974609674913,0.08810246447467904,0.12767560879257722,0.008897200226783752,0.0001548202708363533,0.00019408886146266013,0.001952964230440557,0,0.0,1.0627084951313859,min_snap,0.0
0.0,0.0,-2,0.04594875110374224,-1.589872246619461,-0.19799814277427163,0.04789974609674913,0.08810246447467904,-0.10146658023330146,0.007062803953886032,0.00018246594117954373,0.0002208695950685069,0.0019246262963861227,0,0.0,1.0627084951313859,min_snap,0.0
0.0,0.0,-2,-0.13357418860409015,-4.6120581230073405,-0.06287400495237039,0.11369566963561471,-0.013370038821690041,0.5284736911442618,0.008646063506603241,5.322461947798729e-05,0.00014797694166190922,0.001916071050800383,1,0.0,1.0286760884134705,min_snap,0.0
0.0,0.0,-2,0.3141055367728091,-3.715271811979453,-1.0123846265184941,-0.10573909372336215,0.06246315128511405,0.17629321018723054,0.008185533806681633,0.00011228150106035173,0.00017591624055057764,0.0019344034371897578,0,0.0,1.0286760884134705,min_snap,1000000000.0
0.0,0.0,-2,0.14287921483257865,-3.249325505674243,-0.8584579018731,-0.013339784774438614,-0.16001875148896308,0.24875815311935967,0.00750260055065155,0.0001299640571232885,0.0001904904784169048,0.0019234626088291407,1,0.0,0.9326399857362034,min_snap,0.0
0.0,0.0,-2,-0.0727176072148451,-1.6138586980689529,0.6653059975456295,-0.013339784774438614,-0.16001875148896308,-0.2050565918299816,0.008807849138975143,0.00020659074652940035,0.0002219316957052797,0.0019599576480686665,1,0.0,0.9326399857362034,min_snap,0.0
0.0,0.0,-2,0.07314882866169356,-2.9871486122839097,0.06623960791589933,0.14150576524582,-0.034697777145743146,-0.02244059642287688,0.00887250155210495,0.00019103242084383965,0.00020885441335849464,0.00197026995010674,0,0.0,0.9326399857362034,min_snap,0.0
0.0,0.0,-2,0.05686107274533761,-2.279098149269407,-1.6992831154115118,0.14150576524582,-0.034697777145743146,0.16082342068222566,0.0063204579055309296,0.00015055236872285604,0.0002051012997981161,0.0019165062112733722,0,0.0,0.9326399857362034,min_snap,1000000000.0
0.0,0.0,-2,0.25418293202772596,-3.458144103214764,-0.6288319590255462,-0.13338704771985616,0.08443844177218736,0.3055623332646231,0.008794929832220078,0.00013596282224170864,0.0001872251450549811,0.0019418130395933986,1,0.0,1.1876097797926919,min_snap,0.0
0.0,0.0,-2,0.021475987818813047,-1.3243845522850473,0.5927856212044813,-0.13338704771985616,0.08443844177218736,-0.18683521350356513,0.009149102494120598,0.00021270295837894082,0.00022467396047431976,0.0019623045809566975,1,0.0,1.1876097797926919,min_snap,0.0
0.0,0.0,-2,-0.022988864707547907,-3.556192001265557,-1.0445561662309688,-0.06756245792765384,-0.08290293191569562,0.21250851551559946,0.007571838796138763,0.00010782253229990602,0.00017836756887845695,0.0019209100864827633,0,0.0,1.1876097797926919,min_snap,0.0
0.0,0.0,-2,-0.11983207095700821,-1.5546566077225759,0.7853056040803663,-0.06756245792765384,-0.08290293191569562,-0.2559601505610605,0.008420512080192566,0.00018703224486671388,0.00021451871725730598,0.0019489758415147662,0,0.0,1.1876097797926919,min_snap,0.0
0.0,0.0,-2,0.08258204087302916,-3.3913903911423624,-0.6986571252145573,-0.165673946987882,0.0006962260435573562,0.3678732673313958,0.008660141378641129,0.00013481039786711335,0.00018889641796704382,0.001935599371790886,1,0.0,0.9880048581191117,min_jerk,0.0
0.0,0.0,-2,-0.11110188699168234,-1.484221800469355,0.6520556322018405,-0.165673946987882,0.0006962260435573562,-0.019814654192652492,0.009045075625181198,0.00020231411326676607,0.0002219051239080727,0.001953517785295844,1,0.0,0.9880048581191117,min_jerk,0.0
0.0,0.0,-2,0.026690438683528328,-3.531573702794534,-0.3412286849792374,0.044336788761953794,0.014364200905171263,0.12680704990891,0.008214140310883522,0.00013206855510361493,0.00018569757230579853,0.001939487410709262,0,0.0,0.9880048581191117,min_jerk,0.0
0.0,0.0,-2,-0.19961684429984008,-1.8898615278482733,-0.01580821127635046,0.044336788761953794,0.014364200905171263,-0.15709154208632925,0.007057188078761101,0.0001666927128098905,0.00021169721730984747,0.0019244058057665825,0,0.0,0.9880048581191117,min_jerk,0.0
0.0,0.0,-2,0.2445876758095749,-3.785818137864264,-0.5228914234443673,-0.049721394359102875,-0.042948703257327366,0.5449500838902335,0.008257035166025162,9.606158710084856e-05,0.00017387427214998752,0.001914813183248043,1,0.0,1.0490412015290842,min_snap,0.0
0.0,0.0,-2,0.15550218111914768,-1.2697391854037066,0.4099135757485808,-0.049721394359102875,-0.042948703257327366,-0.3770744045588631,0.00791439414024353,0.00018235220341011882,0.00021769337763544172,0.0019331665243953466,1,0.0,1.0490412015290842,min_snap,0.0
0.0,0.0,-2,0.06436951230348822,-2.957757301579667,-1.3465418880727649,-0.13981825182200727,-0.11982313342432638,-0.01794902881118232,0.007381562143564224,0.00014746884698979557,0.00019547420379240066,0.001937347580678761,0,0.0,1.0490412015290842,min_snap,1000000000.0
0.0,0.0,-2,0.26475611979042557,-2.4890777266776554,-0.4283570276066324,-0.06392564164975381,0.0001549145933101519,-0.07826225360366279,0.009478908032178879,0.00023808178957551718,0.00022742374858353287,0.0019944794476032257,1,0.0,1.0227950365339502,min_snap,0.0
0.0,0.0,-2,-0.4804380453099759,-2.4832147553081123,-0.4309824699018545,-0.06392564164975381,0.0001549145933101519,0.14888723293808503,0.00947420485317707,0.00023354211589321494,0.00022625154815614223,0.0019905962981283665,1,0.0,1.0227950365339502,min_snap,0.0
0.0,0.0,-2,0.07278217772654749,-3.9687744851585034,-0.023362001938481702,-0.08936585614036521,0.1560488025195536,0.5637623826649525,0.00923895463347435,0.00010021668276749551,0.0001712231314741075,0.0019284788286313415,0,0.0,1.0227950365339502,min_snap,0.0
0.0,0.0,-2,0.12116347727156718,-1.2879875386478834,0.045652628806662765,-0.08936585614036521,0.1560488025195536,-0.2023398121211193,0.006794929504394531,0.0001556449569761753,0.0002130910288542509,0.0019034466240555048,0,0.0,1.0227950365339502,min_snap,0.0
0.0,0.0,-2,0.5211209942677816,-3.0992244397727613,-1.248080939499606,-0.15677409585822027,0.04259532074786757,0.02959640423325105,0.007668722420930862,0.00014098029350861907,0.00019152571621816605,0.0019377685384824872,1,0.0,1.1983296472665084,min_snap,1000000000.0
0.0,0.0,-2,0.18517393302806248,-3.449905848279647,-0.5514852426372978,-0.11916653846060539,0.09595204052257697,0.3432799140599112,0.008489703759551048,0.00012975273421034217,0.0001872988068498671,0.0019318636041134596,0,0.0,1.1983296472665084,min_snap,0.0
0.0,0.0,-2,0.14087214077594806,-1.5770453366573336,0.28178145154830103,-0.11916653846060539,0.09595204052257697,-0.14820305903884368,0.007803536951541901,0.00018374464707449079,0.0002192177198594436,0.0019312880467623472,0,0.0,1.1983296472665084,min_snap,0.0
0.0,0.0,-2,-0.07175275641446899,-3.590280341069887,-1.5709096171566084,-0.12334181086998228,-0.004264376850261539,0.428912238278661,0.006560182198882103,6.726366700604558e-05,0.00016777298878878355,0.0018854648806154728,1,0.0,1.1589007214074376,min_snap,1000000000.0
0.0,0.0,-2,-0.054281370982456945,-3.679507596798289,5.795154367493893e-05,0.0515613480654018,0.15252630970500042,-0.20855776866408782,0.00938594713807106,0.00015676184557378292,0.00018552844994701445,0.001978470478206873,0,0.0,1.1589007214074376,min_snap,0.0
0.0,0.0,-2,-0.02550353319504326,-1.575035454525151,0.20795771164984833,0.0515613480654018,0.15252630970500042,0.08826573292282602,0.007724393159151077,0.0001856480084825307,0.0002169828221667558,0.0019399781012907624,0,0.0,1.1589007214074376,min_snap,0.0
0.0,0.0,-2,0.23560230044778763,-3.6518780026672277,-0.674984024609806,-0.11274459671405651,0.07139008733484299,0.344436721005712,0.00838564708828926,0.00011290423572063446,0.00017885440320242196,0.0019278405234217644,1,0.0,0.9479999944058072,min_snap,0.0
0.0,0.0,-2,0.08982129954706614,-1.382727234114407,0.49779839910121493,-0.11274459671405651,0.07139008733484299,-0.4314247806880134,0.008191846311092377,0.00019121670629829168,0.00021871222998015583,0.0019442831398919225,1,0.0,0.9479999944058072,min_snap,0.0
0.0,0.0,-2,0.14894647447485876,-2.4040674838287837,-0.21398869540524257,0.026708779270879685,-0.07527087526330793,-0.16420189937087493,0.009736770763993263,0.00025394035037606955,0.00023271360259968787,0.0020051877945661545,0,0.0,0.9479999944058072,min_snap,0.0
0.0,0.0,-2,-0.41979059383751194,-2.9105158123000923,-2.7422532240189943,0.026708779270879685,-0.07527087526330793,0.28063233295944734,0.010447856038808823,0.00022390467347577214,0.00020793045405298471,0.0020240286830812693,0,0.0,0.9479999944058072,min_snap,1000000000.0
0.0,0.0,-2,-0.1252519564416523,-3.33863327644966,-0.05346924401297981,-0.11987050685720485,0.1512179018219854,0.3302567760136468,0.009806610643863678,0.0001623180869501084,0.00019589668954722583,0.001960278954356909,1,0.0,1.1581842831366347,min_jerk,0.0
0.0,0.0,-2,0.05585316391166474,-1.4432519435067155,0.17853082736188286,-0.11987050685720485,0.1512179018219854,-0.24612133105727652,0.00854436680674553,0.00020951696205884218,0.00022696662927046418,0.0019510770216584206,1,0.0,1.1581842831366347,min_jerk,0.0
0.0,0.0,-2,0.2962849999046278,-3.5372697313769406,0.22072351920818556,0.13113437978260106,-0.12602563194517682,0.697020367780004,0.007950309664011002,0.00010234038927592337,0.0001824863429646939,0.0019019288010895252,0,0.0,1.1581842831366347,min_jerk,0.0
0.0,0.0,-2,0.29337056769400494,-2.29522719915986,-0.4532269230891679,0.13113437978260106,-0.12602563194517682,-0.824349327883448,0.005942977964878082,0.0001290694926865399,0.00020088203018531203,0.0018942259484902024,0,0.0,1.1581842831366347,min_jerk,0.0
0.0,0.0,-2,-0.270461906610785,-3.1722295095892634,-0.4442525764235645,0.08605167209084512,-0.01764935282416485,-0.0034934719416757076,0.007783247157931328,0.00015606795204803348,0.0001979009248316288,0.0019444520585238934,1,0.0,1.1651108061494908,min_jerk,0.0
0.0,0.0,-2,1.0032305318970978,-1.9259903191480974,0.4851725887192253,0.08605167209084512,-0.01764935282416485,0.012150839963231519,0.007940810173749924,0.000183780153747648,0.00021525606280192733,0.001941762282513082,1,0.0,1.1651108061494908,min_jerk,0.0
0.0,0.0,-2,-0.04603843123467505,-3.406216113541615,0.4946128285099445,0.13963148558038477,0.011916724124183115,0.47284753719833894,0.00903327763080597,0.00013746420154348016,0.0001894790184451267,0.0019383906619623303,0,0.0,1.1651108061494908,min_jerk,0.0
0.0,0.0,-2,0.12774273116599325,-1.6870831362481504,-0.905771103882232,0.13963148558038477,0.011916724124183115,-0.7734221657130382,0.005559802055358887,0.00014892572653479874,0.0002104276354657486,0.0018996906001120806,0,0.0,1.1651108061494908,min_jerk,0.0
0.0,0.0,-2,-0.3505489640729441,-3.9812761754342487,-0.4197155600727025,0.019284452660535557,0.05302846378142575,0.25701077381638093,0.008292373269796371,9.511015377938747e-05,0.00016856513684615493,0.0019270960474386811,1,0.0,1.1591511383599507,min_jerk,0.0
0.0,0.0,-2,0.2607098514643797,-1.230365350752077,0.22280892196561086,0.019284452660535557,0.05302846378142575,-0.36439148982497627,0.00686110183596611,0.00016617195797152817,0.00021391318296082318,0.0019174923654645681,1,0.0,1.1591511383599507,min_jerk,0.0
0.0,0.0,-2,0.1691335710370695,-4.089043089283715,0.030416725917326026,0.06208057971452385,0.14443103681269973,0.056011513867650464,0.008662443608045578,0.00010275834938511252,0.0001677761902101338,0.0019410072127357125,0,0.0,1.1591511383599507,min_jerk,0.0
0.0,0.0,-2,0.04048579313907857,-1.1781581303657886,0.02301836405683022,0.06208057971452385,0.14443103681269973,-0.07585184176894622,0.006399122998118401,0.00015860737767070532,0.0002131826477125287,0.0019074624869972467,0,0.0,1.1591511383599507,min_jerk,0.0
0.0,0.0,-2,0.06027927767759916,-3.914287468503985,-0.9670462233937627,-0.09479586260490712,-0.11583553383497497,0.932586864629064,0.007498692721128464,5.5056705605238676e-05,0.00016312177467625588,0.0018792471382766962,1,0.0,1.0848637444292362,min_jerk,0.0
0.0,0.0,-2,0.7933596456818488,-1.3419529962251597,0.7235253285573968,-0.09479586260490712,-0.11583553383497497,-0.8015436371180672,0.007132008671760559,0.00014477918739430606,0.00020492594921961427,0.0019083020742982626,1,0.0,1.0848637444292362,min_jerk,0.0
0.0,0.0,-2,-0.3342135149654564,-2.640007649908869,-0.367297277889999,0.17147244552085497,-0.13049826458924163,0.2712674895909173,0.0074427127838134766,0.00017996557289734483,0.00021589742391370237,0.0019341520965099335,0,0.0,1.0848637444292362,min_jerk,0.0
0.0,0.0,-2,0.049618832051951,-3.1877661246428635,-1.4925012020350592,0.17147244552085497,-0.13049826458924163,0.2855368415501458,0.008693091571331024,0.0001805307692848146,0.00020485330605879426,0.0019644966814666986,0,0.0,1.0848637444292362,min_jerk,1000000000.0
0.0,0.0,-2,0.24272204035177025,-3.5191562230230633,-1.2811281992597123,-0.13089196238331027,0.07773871221571968,0.1966698924687249,0.0072238631546497345,9.896233677864075e-05,0.00017669363296590745,0.0019113968592137098,1,0.0,0.910263048956553,min_jerk,1000000000.0
0.0,0.0,-2,0.21723539606459968,-3.7541335666700344,-0.3329993970380358,-0.037464190100004374,0.05242265104673142,0.7848360697415213,0.008093269541859627,8.676230208948255e-05,0.00017453152395319194,0.001898710848763585,0,0.0,0.910263048956553,min_jerk,0.0
0.0,0.0,-2,0.19784790261338975,-1.9817816827206878,0.14172198157800242,-0.037464190100004374,0.05242265104673142,-1.153809471926417,0.006657082587480545,0.00014761259080842137,0.00020501439576037228,0.0019123103702440858,0,0.0,0.910263048956553,min_jerk,0.0
0.0,0.0,-2,0.04883983008144932,-2.997449931739032,-0.037680824481459485,0.0841073515417494,-0.0723392316962647,-0.09039609034987883,0.00914749875664711,0.0001976753119379282,0.00020943912386428565,0.00197910750284791,1,0.0,0.9531701829393935,min_acc,0.0
0.0,0.0,-2,-0.5135576532393882,-2.4749449798743313,0.2929015801155357,0.0841073515417494,-0.0723392316962647,0.1491215984013421,0.00964752770960331,0.00021382278646342456,0.0002174928958993405,0.0019831880927085876,1,0.0,0.9531701829393935,min_acc,0.0
0.0,0.0,-2,0.14879021806733328,-3.6829802082504566,0.36981761789103396,0.1126272682386021,0.16128156163120963,0.05200703541306062,0.008944246917963028,0.00013469700934365392,0.0001823316270019859,0.0019525641109794378,0,0.0,0.9531701829393935,min_acc,0.0
0.0,0.0,-2,0.04856477172635129,-1.5077798348504867,-0.12624937454402096,0.1126272682386021,0.16128156163120963,-0.08853666385146575,0.00658547505736351,0.0001651034108363092,0.0002149646170437336,0.0019130348227918148,0,0.0,0.9531701829393935,min_acc,0.0
0.0,0.0,-2,1.3643715780364658,-3.110354318278695,1.4151442823734808,0.1126272682386021,0.16128156163120963,0.7469828883793694,0.011067593470215797,0.00020502490224316716,0.00020782367209903896,0.001995075261220336,0,0.0,0.9531701829393935,min_acc,1000000000.0
0.0,0.0,-2,0.09675977415807546,-3.6881457611303152,0.9008121415278205,0.1404371354571067,0.16207548545318723,0.09886844555405183,0.00970718264579773,0.00013809080701321363,0.0001806183427106589,0.0019625818822532892,1,0.0,0.9598592880524272,min_acc,1000000000.0
0.0,0.0,-2,-0.03562948469075444,-2.925833524776493,0.08208979282578288,0.1479798872342714,0.15500308189029208,-0.16602365573378997,0.009477242827415466,0.00021654419833794236,0.00021477200789377093,0.0019944296218454838,0,0.0,0.9598592880524272,min_acc,0.0
0.0,0.0,-2,0.005751429962044863,-2.51439740241642,-1.6881636734583298,0.1479798872342714,0.15500308189029208,0.04164607922104402,0.0073770806193351746,0.00017467417637817562,0.00020732887787744403,0.0019483568612486124,0,0.0,0.9598592880524272,min_acc,1000000000.0
0.0,0.0,-2,0.06906344322270266,-4.485428463899129,-0.029432993706400845,0.13373626002268865,0.041054217162850744,0.3787656585362298,0.008393898606300354,6.154511356726289e-05,0.00015205846284516156,0.0019181998213753104,1,0.0,1.060488202644833,min_acc,0.0
0.0,0.0,-2,0.6877273290285297,-0.8987891393779748,0.1459481867976693,0.13373626002268865,0.041054217162850744,-0.38545815547439055,0.005175638943910599,0.0001240319397766143,0.00020365387899801135,0.001878454932011664,1,0.0,1.060488202644833,min_acc,0.0
0.0,0.0,-2,0.031203214264575507,-3.520366094032924,-0.18815481835707493,-0.06364919277644926,0.10041170561711783,0.249424294629369,0.008837709203362465,0.0001367944641970098,0.0001876934984466061,0.001941807335242629,1,0.0,1.0921011825394875,min_snap,0.0
0.0,0.0,-2,0.02992605410879158,-3.5206837032486007,-0.18841443709750116,-0.06364919277644926,0.10041170561711783,0.2468906203892567,0.008836314082145691,0.00013681859127245843,0.00018770663882605731,0.0019418089650571346,1,0.0,1.0921011825394875,min_snap,0.0
0.0,0.0,-2,0.02997646712503642,-3.518822649803444,-0.1870861520757694,-0.06364919277644926,0.10041170561711783,0.2489667693760731,0.008834678679704666,0.00013684300938621163,0.00018773885676637292,0.0019417619332671165,1,0.0,1.0921011825394875,min_snap,0.0
0.0,0.0,-2,0.023019545564687494,-3.5214962063015274,-0.18981022089843425,-0.06364919277644926,0.10041170561711783,0.24909384647873423,0.008842471987009048,0.00013694132212549448,0.00018773114425130188,0.0019419369054958224,1,0.0,1.0921011825394875,min_snap,0.0
0.0,0.0,-2,0.026857000040995796,-3.51707073322543,-0.18946869220301443,-0.06364919277644926,0.10041170561711783,0.24990470806625864,0.008831974118947983,0.00013684050645679235,0.00018776245997287333,0.0019416960421949625,1,0.0,1.0921011825394875,min_snap,0.0
0.0,0.0,-2,0.023494157451626405,-3.52025158172169,-0.18954421786748465,-0.06364919277644926,0.10041170561711783,0.25002844730881235,0.008840817958116531,0.00013695756206288934,0.00018776216893456876,0.00194188067689538,1,0.0,1.0921011825394875,min_snap,0.0
0.0,0.0,-2,0.02337026579461156,-3.5205030497802063,-0.1908256541614406,-0.06364919277644926,0.10041170561711783,0.25178463856247446,0.008842259645462036,0.00013693288201466203,0.00018774543423205614,0.0019418876618146896,1,0.0,1.0921011825394875,min_snap,0.0
0.0,0.0,-2,0.028298183260172638,-3.521578285155088,-0.18462023318483944,-0.06364919277644926,0.10041170561711783,0.24654801289108774,0.008848078548908234,0.00013704935554414988,0.0001877465983852744,0.0019420664757490158,1,0.0,1.0921011825394875,min_snap,0.0
0.0,0.0,-2,0.023537628630472526,-3.5233729781112424,-0.19131429019874902,-0.06364919277644926,0.10041170561711783,0.2492714683201649,0.008848797529935837,0.00013698695693165064,0.00018770141468849033,0.0019420883618295193,1,0.0,1.0921011825394875,min_snap,0.0
0.0,0.0,-2,0.020781329045827954,-3.5269212902547022,-0.18944640618758513,-0.06364919277644926,0.10041170561711783,0.24457748333481333,0.008856825530529022,0.00013706053141504526,0.00018764869309961796,0.0019423429621383548,1,0.0,1.0921011825394875,min_snap,0.0
0.0,0.0,-2,0.01833837080704867,-3.5271545817237278,-0.18959338928789937,-0.06364919277644926,0.10041170561711783,0.24653418461349985,0.008857587352395058,0.00013700168346986175,0.00018760350940283388,0.0019423705525696278,1,0.0,1.0921011825394875,min_snap,0.0
0.0,0.0,-2,0.017965890446859825,-3.5246334694616857,-0.19159326508901553,-0.06364919277644926,0.10041170561711783,0.24514515797165415,0.008845951408147812,0.0001368328812532127,0.00018759194063022733,0.0019421352772042155,1,0.0,1.0921011825394875,min_snap,0.0
0.0,0.0,-2,0.020442297637312715,-3.5236777333205933,-0.1898159789368239,-0.06364919277644926,0.10041170561711783,0.24543340603378794,0.008841652423143387,0.00013679591938853264,0.00018760697275865823,0.0019420364405959845,1,0.0,1.0921011825394875,min_snap,0.0
0.0,0.0,-2,0.015363052449753403,-3.52539368453339,-0.19079582713485133,-0.06364919277644926,0.10041170561711783,0.24607069889572641,0.008846808224916458,0.00013685761950910091,0.0001876025926321745,0.0019421449396759272,1,0.0,1.0921011825394875,min_snap,0.0
0.0,0.0,-2,0.01822309607467086,-3.5266080188106526,-0.1859086518298545,-0.06364919277644926,0.10041170561711783,0.2455642978337147,0.008855301886796951,0.00013696702080778778,0.00018759944941848516,0.0019423256162554026,1,0.0,1.0921011825394875,min_snap,0.0
0.0,0.0,-2,0.015298024277630565,-3.526706109155385,-0.1859252552582047,-0.06364919277644926,0.10041170561711783,0.2465258399632313,0.008858554065227509,0.0001369824167340994,0.0001875903399195522,0.0019423748599365354,1,0.0,1.0921011825394875,min_snap,0.0
0.0,0.0,-2,0.01442579290474573,-3.531478816123033,-0.1889292195990686,-0.06364919277644926,0.10041170561711783,0.24241240421799204,0.008865989744663239,0.0001370204845443368,0.00018752772302832454,0.0019425996579229832,1,0.0,1.0921011825394875,min_snap,0.0
0.0,0.0,-2,0.018719976108194994,-3.5265728335292015,-0.18713798225577838,-0.06364919277644926,0.10041170561711783,0.2452007095005848,0.008852995932102203,0.00013682892313227057,0.00018752869800664485,0.0019422967452555895,1,0.0,1.0921011825394875,min_snap,0.0
0.0,0.0,-2,0.012455905250551388,-3.5275718645752128,-0.19084356471029373,-0.06364919277644926,0.10041170561711783,0.24529560009506723,0.008850552141666412,0.00013677083188667893,0.000187519850442186,0.001942228525876999,1,0.0,1.0921011825394875,min_snap,0.0
0.0,0.0,-2,0.012559725076725467,-3.5259818221066808,-0.1909706379949414,-0.06364919277644926,0.10041170561711783,0.24723179737595102,0.008845701813697815,0.0001366939104627818,0.00018752840696834028,0.001942085800692439,1,0.0,1.0921011825394875,min_snap,0.0
0.0,0.0,-2,0.5183777954887111,-3.568100089672261,-0.3714587961957694,0.05993487424526481,-0.12887386475707557,0.4287085096028187,0.007606334984302521,0.00010323722381144762,0.0001803492195904255,0.0019086898537352681,1,0.0,1.014502636070774,min_snap,0.0
0.0,0.0,-2,0.5181110458385408,-3.5689492632919864,-0.3695359253667312,0.05993487424526481,-0.12887386475707557,0.4343430558827259,0.007615339010953903,0.0001034327142406255,0.0001804042694857344,0.0019088515546172857,1,0.0,1.014502636070774,min_snap,0.0
0.0,0.0,-2,0.5170919445171918,-3.5670677045209818,-0.3651568158413139,0.05993487424526481,-0.12887386475707557,0.43018873135117075,0.007618967443704605,0.00010363914771005511,0.0001804780913516879,0.001908979844301939,1,0.0,1.014502636070774,min_snap,0.0
0.0,0.0,-2,0.5121192180123237,-3.568762191743111,-0.36786476830636605,0.05993487424526481,-0.12887386475707557,0.438755349316869,0.007628042250871658,0.00010373920667916536,0.00018049849313683808,0.001909085432998836,1,0.0,1.014502636070774,min_snap,0.0
0.0,0.0,-2,0.5090771649112542,-3.575230432702394,-0.36971509108350453,0.05993487424526481,-0.12887386475707557,0.43548186222580454,0.007643613964319229,0.00010386659414507449,0.00018044246826320887,0.0019094354938715696,1,0.0,1.014502636070774,min_snap,0.0
0.0,0.0,-2,0.5076190394604873,-3.5771751032150085,-0.3714662111577782,0.05993487424526481,-0.12887386475707557,0.4346366683628895,0.0076457299292087555,0.00010378897422924638,0.00018036807887256145,0.0019095116294920444,1,0.0,1.014502636070774,min_snap,0.0
0.0,0.0,-2,0.5057664718098325,-3.57210186186252,-0.3709961771448502,0.05993487424526481,-0.12887386475707557,0.43832333485153696,0.007629211992025375,0.0001035091991070658,0.00018036263645626605,0.0019090882269665599,1,0.0,1.014502636070774,min_snap,0.0
0.0,0.0,-2,0.5053467955301646,-3.573067772152059,-0.37464343776852926,0.05993487424526481,-0.12887386475707557,0.44017084042099497,0.0076238177716732025,0.00010335238766856492,0.00018034405366051942,0.0019088918343186378,1,0.0,1.014502636070774,min_snap,0.0
0.0,0.0,-2,0.5013897990260301,-3.5697023596516737,-0.37257717381795086,0.05993487424526481,-0.12887386475707557,0.43831832806137583,0.007612235844135284,0.0001032464497257024,0.0001803809718694538,0.0019086278043687344,1,0.0,1.014502636070774,min_snap,0.0
0.0,0.0,-2,0.5010235038919281,-3.5736320113061444,-0.3683667204883223,0.05993487424526481,-0.12887386475707557,0.44651873508957407,0.007629826664924622,0.0001034043962135911,0.00018038690905086696,0.001908863428980112,1,0.0,1.014502636070774,min_snap,0.0
0.0,0.0,-2,0.5060940756920452,-3.570451650468583,-0.3714991196841426,0.05993487424526481,-0.12887386475707557,0.43734414974716684,0.007619407027959824,0.0001033127773553133,0.0001803948835004121,0.001908697304315865,1,0.0,1.014502636070774,min_snap,0.0
0.0,0.0,-2,0.5017240531316254,-3.5727913894564365,-0.3730670016898232,0.05993487424526481,-0.12887386475707557,0.4455004493382313,0.0076240114867687225,0.00010329388896934688,0.00018037736299447715,0.0019087158143520355,1,0.0,1.014502636070774,min_snap,0.0
0.0,0.0,-2,0.5034046646501333,-3.5727580793147333,-0.3776219093252031,0.05993487424526481,-0.12887386475707557,0.4395689527180531,0.00761650875210762,0.00010316894622519612,0.00018034540698863566,0.0019086033571511507,1,0.0,1.014502636070774,min_snap,0.0
0.0,0.0,-2,0.5080640689668243,-3.572201701666358,-0.3749230596099764,0.05993487424526481,-0.12887386475707557,0.43556149403122446,0.007614742964506149,0.00010320497676730156,0.00018034505774267018,0.0019086586544290185,1,0.0,1.014502636070774,min_snap,0.0
0.0,0.0,-2,0.5081633212194672,-3.570972422762726,-0.3767875655024686,0.05993487424526481,-0.12887386475707557,0.4312799731877186,0.007608333602547646,0.0001032237196341157,0.0001803570776246488,0.0019086527172476053,1,0.0,1.014502636070774,min_snap,0.0
0.0,0.0,-2,0.511306011373297,-3.5724895918532273,-0.3801570515813948,0.05993487424526481,-0.12887386475707557,0.4318029443409779,0.00761035643517971,0.00010327986092306674,0.00018034115782938898,0.0019087806576862931,1,0.0,1.014502636070774,min_snap,0.0
0.0,0.0,-2,0.5081388378733114,-3.5712074016874875,-0.38287943307076455,0.05993487424526481,-0.12887386475707557,0.43232305447128794,0.007603183388710022,0.00010320529690943658,0.00018033504602499306,0.001908678561449051,1,0.0,1.014502636070774,min_snap,0.0
0.0,0.0,-2,0.5102616011557506,-3.574352194115589,-0.3813106857755484,0.05993487424526481,-0.12887386475707557,0.4332822124150135,0.007612667977809906,0.00010330177610740066,0.00018031051149591804,0.0019088949775323272,1,0.0,1.014502636070774,min_snap,0.0
0.0,0.0,-2,-0.06963142753203239,-3.717155206668526,0.06510811029632224,0.0032162449541790457,0.04471831349056155,0.061451033749852835,0.009100193157792091,0.00013549072900786996,0.0001822277408791706,0.0019541122019290924,1,0.0,1.0062304375246525,min_snap,0.0
0.0,0.0,-2,-0.034014405043576446,-1.254052363884024,0.2675150479783648,0.0032162449541790457,0.04471831349056155,0.010167197385106297,0.007877003401517868,0.00019078815239481628,0.00022168061695992947,0.001935583888553083,1,0.0,1.0062304375246525,min_snap,0.0
0.0,0.0,-2,0.27482644610855933,-3.34676256183363,-1.876476593055437,-0.16689125678324968,-0.15976235861456378,0.17472346226242608,0.006639398634433746,8.418248035013676e-05,0.00017145612218882889,0.0019019920146092772,0,0.0,1.0062304375246525,min_snap,1000000000.0
0.0,0.0,-2,-0.5875372966232411,-4.416875711808026,-0.6394390818732272,0.11881052728310443,0.0698672256170741,0.3882172862675528,0.0073118675500154495,4.164641723036766e-05,0.0001490688300691545,0.0018947809003293514,1,0.0,1.1805138993430255,min_snap,0.0
0.0,0.0,-2,0.7505829430439747,-0.9979032080436552,0.7645573842614344,0.11881052728310443,0.0698672256170741,0.13809116283920808,0.006342647597193718,0.00011830872972495854,0.0001988058356801048,0.001882866257801652,1,0.0,1.1805138993430255,min_snap,0.0
0.0,0.0,-2,-0.0351019948478576,-3.51839945484163,-0.6430112391107263,-0.12150352883486383,-0.05693166813701759,0.9808698455479481,0.00811941921710968,9.344029240310192e-05,0.00018023536540567875,0.0018942640163004398,0,0.0,1.1805138993430255,min_snap,0.0
0.0,0.0,-2,0.9371421436002583,-1.9741448946334321,0.9143319024851824,-0.12150352883486383,-0.05693166813701759,-0.1588606079432624,0.008466893807053566,0.0001506764383520931,0.00020328709797468036,0.0019225103314965963,0,0.0,1.1805138993430255,min_snap,0.0
0.0,0.0,-2,0.08111254804926166,-3.920939803781518,-1.1644806926175175,0.08001519306409012,-0.07859967302876437,0.1766277114537098,0.006190739572048187,5.966465687379241e-05,0.00016213503840845078,0.0018881664145737886,1,0.0,1.0397206299684043,min_snap,0.0
0.0,0.0,-2,0.08507833022233607,-3.9056332491383965,-1.1611826263025666,0.08001519306409012,-0.07859967302876437,0.1643899242070057,0.006139254197478294,5.9264537412673235e-05,0.00016225242870859802,0.0018872236832976341,1,0.0,1.0397206299684043,min_snap,0.0
0.0,0.0,-2,0.06892747175737539,-3.9453528812786094,-1.16468099433014,0.08001519306409012,-0.07859967302876437,0.1852932731297352,0.0062784552574157715,6.078236037865281e-05,0.00016207457520067692,0.0018900803988799453,1,0.0,1.0397206299684043,min_snap,0.0
0.0,0.0,-2,0.08852009479341344,-3.902885682901261,-1.1568995549134222,0.08001519306409012,-0.07859967302876437,0.16377504269150278,0.006143702194094658,5.921378033235669e-05,0.00016217713709920645,0.0018873474327847362,1,0.0,1.0397206299684043,min_snap,0.0
0.0,0.0,-2,0.08044586113868887,-3.9194588066414444,-1.1666473100809613,0.08001519306409012,-0.07859967302876437,0.1743052760746815,0.00618346780538559,5.97454491071403e-05,0.00016219551616813987,0.0018881279975175858,1,0.0,1.0397206299684043,min_snap,0.0
0.0,0.0,-2,0.08461431076719134,-3.911309576310519,-1.160545283448953,0.08001519306409012,-0.07859967302876437,0.16545350948837778,0.0061631035059690475,5.968631012365222e-05,0.00016227101150434464,0.00188783451449126,1,0.0,1.0397206299684043,min_snap,0.0
0.0,0.0,-2,0.08044740387478123,-3.9123434426264887,-1.1564895196590206,0.08001519306409012,-0.07859967302876437,0.16689689556625864,0.006171751767396927,5.9993937611579895e-05,0.00016235947259701788,0.001888081431388855,1,0.0,1.0397206299684043,min_snap,0.0
0.0,0.0,-2,0.08465164419067013,-3.905641937206234,-1.1620755236691391,0.08001519306409012,-0.07859967302876437,0.16973169247177622,0.006158133968710899,5.9944402892142534e-05,0.00016243562276940793,0.001887801568955183,1,0.0,1.0397206299684043,min_snap,0.0
0.0,0.0,-2,0.0828705959797324,-3.9061712684930563,-1.1586133001406609,0.08001519306409012,-0.07859967302876437,0.16811378399399302,0.006164483726024628,6.021239096298814e-05,0.00016252243949566036,0.0018879916751757264,1,0.0,1.0397206299684043,min_snap,0.0
0.0,0.0,-2,0.08510743512553329,-3.897213900916755,-1.1523400756227533,0.08001519306409012,-0.07859967302876437,0.16530974308517954,0.006144341081380844,6.024906178936362e-05,0.00016267926548607647,0.0018876329995691776,1,0.0,1.0397206299684043,min_snap,0.0
0.0,0.0,-2,0.08440045645766031,-3.9140702141712302,-1.1608794802647469,0.08001519306409012,-0.07859967302876437,0.1702643195774891,0.00620688870549202,6.106507498770952e-05,0.00016264550504274666,0.001889002975076437,1,0.0,1.0397206299684043,min_snap,0.0
0.0,0.0,-2,0.08249878863940463,-3.913710129463339,-1.1609803844932813,0.08001519306409012,-0.07859967302876437,0.1778634349491932,0.0062179043889045715,6.102083716541529e-05,0.00016256270464509726,0.0018891586223617196,1,0.0,1.0397206299684043,min_snap,0.0
0.0,0.0,-2,0.0779254014421974,-3.9151986807450396,-1.1684230473538666,0.08001519306409012,-0.07859967302876437,0.17977507511642954,0.006216499954462051,6.071856478229165e-05,0.00016244067228399217,0.001889010425657034,1,0.0,1.0397206299684043,min_snap,0.0
0.0,0.0,-2,0.08481291452323547,-3.9274393194771053,-1.1600006796771771,0.08001519306409012,-0.07859967302876437,0.17983229557541391,0.006247766315937042,6.083963671699166e-05,0.00016230122128035873,0.0018895725952461362,1,0.0,1.0397206299684043,min_snap,0.0
0.0,0.0,-2,0.0721287092562735,-3.9174399152219146,-1.1590635682073762,0.08001519306409012,-0.07859967302876437,0.18467314640549204,0.006213296204805374,6.016303086653352e-05,0.00016224566206801683,0.0018886621110141277,1,0.0,1.0397206299684043,min_snap,0.0
0.0,0.0,-2,0.07417995323077625,-3.934177522571097,-1.1530906648617505,0.08001519306409012,-0.07859967302876437,0.17895682255295298,0.006254430860280991,6.050983211025596e-05,0.0001621419796720147,0.0018894807435572147,1,0.0,1.0397206299684043,min_snap,0.0
0.0,0.0,-2,0.08126593886618078,-3.9035884718061022,-1.1437421134432022,0.08001519306409012,-0.07859967302876437,0.16836650768784067,0.006153415888547897,5.945685552433133e-05,0.0001623051066417247,0.0018873937660828233,1,0.0,1.0397206299684043,min_snap,0.0
0.0,0.0,-2,0.07175637444085342,-3.9118083744292913,-1.1488685785183084,0.08001519306409012,-0.07859967302876437,0.17425139347580454,0.006175905466079712,5.995912943035364e-05,0.00016242593119386584,0.00188785744830966,1,0.0,1.0397206299684043,min_snap,0.0
0.0,0.0,-2,0.07605119328137028,-3.9137065619098066,-1.1458672459490054,0.08001519306409012,-0.07859967302876437,0.1709643165257313,0.00619414821267128,6.039958680048585e-05,0.00016249861801043153,0.001888355938717723,1,0.0,1.0397206299684043,min_snap,0.0
0.0,0.0,-2,0.3639206881123879,-3.161386412810512,-0.9410131181056403,-0.0863481903954268,0.004011470860594354,-0.08545939525100188,0.008044499903917313,0.00015650843852199614,0.00019525141397025436,0.0019521494396030903,1,0.0,0.9858242188897188,min_snap,0.0
0.0,0.0,-2,0.3650646280334566,-3.1502817415086666,-0.9420348003453176,-0.0863481903954268,0.004011470860594354,-0.0875837047907968,0.008016938343644142,0.00015630293637514114,0.00019533501472324133,0.0019516029860824347,1,0.0,0.9858242188897188,min_snap,0.0
0.0,0.0,-2,0.3659276374705483,-3.1443872066612033,-0.9422054470268098,-0.0863481903954268,0.004011470860594354,-0.08508412440749602,0.008002962917089462,0.0001563405094202608,0.0001954697072505951,0.001951302052475512,1,0.0,0.9858242188897188,min_snap,0.0
0.0,0.0,-2,0.36638953278277925,-3.1380065286630807,-0.9413439770559187,-0.0863481903954268,0.004011470860594354,-0.08313648303481536,0.007993645966053009,0.00015649356646463275,0.00019563818932510912,0.0019510937854647636,1,0.0,0.9858242188897188,min_snap,0.0
0.0,0.0,-2,0.36382331856244104,-3.1404339864001654,-0.9395938833269621,-0.0863481903954268,0.004011470860594354,-0.08696524699660735,0.008009018376469612,0.0001569839660078287,0.00019576238992158324,0.0019515323219820857,1,0.0,0.9858242188897188,min_snap,0.0
0.0,0.0,-2,0.3659837343985772,-3.1248242381774265,-0.9414132122214225,-0.0863481903954268,0.004011470860594354,-0.08617369731399016,0.007982643321156502,0.0001570472086314112,0.00019597954815253615,0.001951052458025515,1,0.0,0.9858242188897188,min_snap,0.0
0.0,0.0,-2,0.3693432018737058,-3.1403234041328294,-0.9416580403689254,-0.0863481903954268,0.004011470860594354,-0.08844630320998625,0.008027752861380577,0.00015777847147546709,0.0001959970104508102,0.0019521526992321014,1,0.0,0.9858242188897188,min_snap,0.0
0.0,0.0,-2,0.36106565934932283,-3.162233561799218,-0.942277814469918,-0.0863481903954268,0.004011470860594354,-0.08797351916762786,0.008093135431408882,0.00015835653175599873,0.00019577046623453498,0.001953667029738426,1,0.0,0.9858242188897188,min_snap,0.0
0.0,0.0,-2,0.3605949024352985,-3.1643437507536816,-0.9438479324082838,-0.0863481903954268,0.004011470860594354,-0.08947674830886321,0.008098024874925613,0.00015804657596163452,0.00019553618039935827,0.0019538062624633312,1,0.0,0.9858242188897188,min_snap,0.0
0.0,0.0,-2,0.36326047725816774,-3.1556079597341995,-0.9390774874470109,-0.0863481903954268,0.004011470860594354,-0.08305661281081633,0.008068189024925232,0.00015740474918857217,0.00019547052215784788,0.0019529755227267742,1,0.0,0.9858242188897188,min_snap,0.0
0.0,0.0,-2,0.36588649014749713,-3.1683003173574598,-0.9336216783732754,-0.0863481903954268,0.004011470860594354,-0.08615367015334563,0.008089840412139893,0.0001574299531057477,0.00019535174942575395,0.0019533312879502773,1,0.0,0.9858242188897188,min_snap,0.0
0.0,0.0,-2,0.0017070529932838308,-3.3772378465801056,-0.3779782814201287,0.08181005013164347,-0.1394681058218931,0.34118135372665903,0.007361134514212608,0.00011974124936386943,0.0001886855170596391,0.001912298146635294,1,0.0,1.0839322878235396,min_snap,0.0
0.0,0.0,-2,0.008644715502779204,-3.3732464890124705,-0.37800309256029196,0.08181005013164347,-0.1394681058218931,0.3436775962498524,0.0073501113802194595,0.00011955856462009251,0.0001886792597360909,0.0019120282959192991,1,0.0,1.0839322878235396,min_snap,0.0
0.0,0.0,-2,0.0034319652254378163,-3.374634760880067,-0.37868293887162396,0.08181005013164347,-0.1394681058218931,0.3417394916203358,0.0073491837829351425,0.00011953376815654337,0.0001886670506792143,0.001912020961754024,1,0.0,1.0839322878235396,min_snap,0.0
0.0,0.0,-2,0.002256116474260994,-3.376117489751728,-0.37832647789764096,0.08181005013164347,-0.1394681058218931,0.33997686306503794,0.007351836189627647,0.00011956860544160008,0.00018864808953367174,0.0019121251534670591,1,0.0,1.0839322878235396,min_snap,0.0
0.0,0.0,-2,0.004354607200693195,-3.3706555094302653,-0.3806246033632448,0.08181005013164347,-0.1394681058218931,0.3440900603916981,0.007336925715208054,0.0001193789066746831,0.0001886755635496229,0.001911754603497684,1,0.0,1.0839322878235396,min_snap,0.0
0.0,0.0,-2,0.0037119897884705655,-3.3711727566212115,-0.379200700003683,0.08181005013164347,-0.1394681058218931,0.3485177318241932,0.007338814437389374,0.00011936976807191968,0.00018869867199100554,0.001911680679768324,1,0.0,1.0839322878235396,min_snap,0.0
0.0,0.0,-2,0.0021835472550378876,-3.372686601644493,-0.3793597610290673,0.08181005013164347,-0.1394681058218931,0.34289176861313364,0.007341969758272171,0.0001194467768073082,0.00018870257190428674,0.0019117908086627722,1,0.0,1.0839322878235396,min_snap,0.0
0.0,0.0,-2,0.006916843749245782,-3.37940447150992,-0.38294769296074804,0.08181005013164347,-0.1394681058218931,0.34264858166245005,0.0073546599596738815,0.0001195064396597445,0.0001886177051346749,0.0019121095538139343,1,0.0,1.0839322878235396,min_snap,0.0
0.0,0.0,-2,-0.0008771448373791069,-3.3761083227579203,-0.3804773486151456,0.08181005013164347,-0.1394681058218931,0.3407793800022938,0.007347606122493744,0.00011941429693251848,0.00018859838019125164,0.0019120160723105073,1,0.0,1.0839322878235396,min_snap,0.0
0.0,0.0,-2,0.007609770780761693,-3.372899419770251,-0.38608567520072823,0.08181005013164347,-0.1394681058218931,0.34335287014511606,0.007331244647502899,0.00011916819494217634,0.00018859693955164403,0.001911632250994444,1,0.0,1.0839322878235396,min_snap,0.0
0.0,0.0,-2,0.0075337863916996595,-3.380278022152771,-0.38455722814672066,0.08181005013164347,-0.1394681058218931,0.34696801106003305,0.0073470622301101685,0.0001192207564599812,0.00018853027722798288,0.0019118934869766235,1,0.0,1.0839322878235396,min_snap,0.0
0.0,0.0,-2,0.001470067668604802,-3.3744514166882276,-0.3831622147534306,0.08181005013164347,-0.1394681058218931,0.33999164501694223,0.007332250475883484,0.00011909482418559492,0.0001885477831820026,0.001911648316308856,1,0.0,1.0839322878235396,min_snap,0.0
0.0,0.0,-2,0.012196232804613627,-3.3666491067865154,-0.38235134005346927,0.08181005013164347,-0.1394681058218931,0.34507830540207407,0.0073137953877449036,0.000118971336632967,0.0001886518148239702,0.0019111772999167442,1,0.0,1.0839322878235396,min_snap,0.0
0.0,0.0,-2,0.010027348915967849,-3.377910427611445,-0.3858758212571889,0.08181005013164347,-0.1394681058218931,0.3490160266545155,0.007339073345065117,0.00011916790390387177,0.0001885954843601212,0.0019116371404379606,1,0.0,1.0839322878235396,min_snap,0.0
0.0,0.0,-2,0.010614451911546141,-3.3789153148231996,-0.3819517291193173,0.08181005013164347,-0.1394681058218931,0.3441866199162342,0.007346251979470253,0.00011921185068786144,0.0001885492238216102,0.0019118303898721933,1,0.0,1.0839322878235396,min_snap,0.0
0.0,0.0,-2,0.01345781970145643,-3.371486682631266,-0.3789473028409822,0.08181005013164347,-0.1394681058218931,0.34536655346420786,0.0073313601315021515,0.0001190768089145422,0.00018860223644878715,0.0019114778842777014,1,0.0,1.0839322878235396,min_snap,0.0
0.0,0.0,-2,0.006091601517864864,-3.3744339677851514,-0.37407109771592895,0.08181005013164347,-0.1394681058218931,0.3410127917912342,0.007343148812651634,0.00011934989015571773,0.00018864645971916616,0.001911787549033761,1,0.0,1.0839322878235396,min_snap,0.0
0.0,0.0,-2,0.013881854355813655,-3.3769264688411287,-0.37901321191642046,0.08181005013164347,-0.1394681058218931,0.3480709354069569,0.007350612431764603,0.0001193445932585746,0.00018861170974560082,0.0019118734635412693,1,0.0,1.0839322878235396,min_snap,0.0
0.0,0.0,-2,0.006482770916995811,-3.373859548879417,-0.3743074814393723,0.08181005013164347,-0.1394681058218931,0.34515436092880747,0.007347410544753075,0.00011934142094105482,0.00018863723380491138,0.0019118015188723803,1,0.0,1.0839322878235396,min_snap,0.0
0.0,0.0,-2,0.4133306579649906,-3.3149771077000953,-1.6817413479772303,-0.13580692230064517,-0.15115042290806538,0.048283175626073316,0.006087388843297958,7.979379734024405e-05,0.00017183067393489182,0.001893934328109026,1,0.0,1.1502819514523204,min_snap,0.0
0.0,0.0,-2,0.4148406515303441,-3.3172012552549344,-1.6778550160464079,-0.13580692230064517,-0.15115042290806538,0.04655797878769441,0.006138194352388382,8.293584687635303e-05,0.00017333973664790392,0.001894849119707942,1,0.0,1.1502819514523204,min_snap,0.0
0.0,0.0,-2,0.4211375321151897,-3.3127952645937824,-1.6779244775344,-0.13580692230064517,-0.15115042290806538,0.04925616184738679,0.0062439292669296265,8.642632747069001e-05,0.0001744093606248498,0.001897494774311781,1,0.0,1.1502819514523204,min_snap,0.0
0.0,0.0,-2,0.41141417621481113,-3.3165397977692033,-1.6787032104255641,-0.13580692230064517,-0.15115042290806538,0.05113537708786531,0.00635385699570179,8.936721133068204e-05,0.00017508177552372217,0.0019003348425030708,1,0.0,1.1502819514523204,min_snap,0.0
0.0,0.0,-2,0.41525898777897785,-3.3134316134247066,-1.6765846519755803,-0.13580692230064517,-0.15115042290806538,0.05013807217148347,0.006421003490686417,9.131943807005882e-05,0.00017552939243614674,0.0019022177439182997,1,0.0,1.1502819514523204,min_snap,0.0
0.0,0.0,-2,0.41433755684962403,-3.2895197481528253,-1.676342250172425,-0.13580692230064517,-0.15115042290806538,0.04573567310837312,0.006400849670171738,9.209715062752366e-05,0.00017599642160348594,0.001902199350297451,1,0.0,1.1502819514523204,min_snap,0.0
0.0,0.0,-2,0.41447816170176244,-3.3029639649614033,-1.6622591309472186,-0.13580692230064517,-0.15115042290806538,0.0520957271244864,0.006476175040006638,9.388144826516509e-05,0.00017636051052249968,0.0019040362676605582,1,0.0,1.1502819514523204,min_snap,0.0
0.0,0.0,-2,0.4159336632257532,-3.2968104604978845,-1.6733317572682855,-0.13580692230064517,-0.15115042290806538,0.042861537137303785,0.006498591974377632,9.474164107814431e-05,0.00017654482508078218,0.001904896111227572,1,0.0,1.1502819514523204,min_snap,0.0
0.0,0.0,-2,0.4001673690478268,-3.288820220113607,-1.6700247941070292,-0.13580692230064517,-0.15115042290806538,0.05153258244064851,0.006495628505945206,9.515276178717613e-05,0.00017675766139291227,0.0019049786496907473,1,0.0,1.1502819514523204,min_snap,0.0
0.0,0.0,-2,0.41303377771960187,-3.288633592548966,-1.6611850462281383,-0.13580692230064517,-0.15115042290806538,0.04697163502243562,0.006513342261314392,9.585940279066563e-05,0.00017697602743282914,0.0019055076409131289,1,0.0,1.1502819514523204,min_snap,0.0
0.0,0.0,-2,0.40997738812394446,-3.287444860916507,-1.6652994851185463,-0.13580692230064517,-0.15115042290806538,0.052663640179906324,0.006530424579977989,9.632384171709418e-05,0.0001770955277606845,0.0019059211481362581,1,0.0,1.1502819514523204,min_snap,0.0
0.0,0.0,-2,0.4204845142901969,-3.28350211741425,-1.6685060283525028,-0.13580692230064517,-0.15115042290806538,0.050634221234593824,0.006533391773700714,9.653129382058978e-05,0.00017716690490487963,0.0019060574704781175,1,0.0,1.1502819514523204,min_snap,0.0
0.0,0.0,-2,0.41152044136209553,-3.286375564076826,-1.6652803131501832,-0.13580692230064517,-0.15115042290806538,0.05214317242172761,0.0065445080399513245,9.679119102656841e-05,0.00017721987387631088,0.0019063259242102504,1,0.0,1.1502819514523204,min_snap,0.0
0.0,0.0,-2,0.41883789577066577,-3.278028735127638,-1.663748797373938,-0.13580692230064517,-0.15115042290806538,0.04669101635483308,0.006527658551931381,9.680358925834298e-05,0.0001773237599991262,0.0019060680642724037,1,0.0,1.1502819514523204,min_snap,0.0
0.0,0.0,-2,-0.11089992204820413,-2.6078990375158155,-0.8969081354857595,-0.0888656913199551,-1.622719631286676e-05,-0.003468676409449145,0.008075568825006485,0.00019450223771855235,0.00021536098211072385,0.0019582214299589396,1,0.0,1.0134619783100811,min_snap,0.0
0.0,0.0,-2,-0.11210734416831938,-2.6172597913344204,-0.8978206136052116,-0.0888656913199551,-1.622719631286676e-05,-0.002850695452417895,0.008111461997032166,0.00019516085740178823,0.00021537896827794611,0.001959207933396101,1,0.0,1.0134619783100811,min_snap,0.0
0.0,0.0,-2,-0.10981647604398723,-2.60418026566037,-0.8857025437838344,-0.0888656913199551,-1.622719631286676e-05,-0.00036589702102141075,0.008111292496323586,0.0001955749758053571,0.0002156116534024477,0.001959239598363638,1,0.0,1.0134619783100811,min_snap,0.0
0.0,0.0,-2,-0.1105040087238753,-2.591465770526225,-0.8844016934362335,-0.0888656913199551,-1.622719631286676e-05,-0.00017850001784758263,0.008102474734187126,0.00019601464737206697,0.00021592812845483422,0.0019590838346630335,1,0.0,1.0134619783100811,min_snap,0.0
0.0,0.0,-2,-0.11132818885480918,-2.606478703986358,-0.8906352705469438,-0.0888656913199551,-1.622719631286676e-05,0.0009270469334463627,0.008138962090015411,0.00019655056530609727,0.00021592245320789516,0.0019599413499236107,1,0.0,1.0134619783100811,min_snap,0.0
0.0,0.0,-2,-0.10796010953492222,-2.5955629649287117,-0.8885736270519511,-0.0888656913199551,-1.622719631286676e-05,-0.003717346987452075,0.008130237460136414,0.0001967490534298122,0.00021605115034617484,0.001959908753633499,1,0.0,1.0134619783100811,min_snap,0.0
0.0,0.0,-2,-0.10318179016731854,-2.5910603272700525,-0.891575782757237,-0.0888656913199551,-1.622719631286676e-05,-0.011154337725367114,0.00812217965722084,0.00019704891019500792,0.00021619231847580522,0.0019599967636168003,1,0.0,1.0134619783100811,min_snap,0.0
0.0,0.0,-2,-0.1041187501144956,-2.5763449103625846,-0.8828258119388066,-0.0888656913199551,-1.622719631286676e-05,-0.007581873736109301,0.008112365379929543,0.0001975542400032282,0.0002165304176742211,0.0019598854705691338,1,0.0,1.0134619783100811,min_snap,0.0
0.0,0.0,-2,-0.10319740868360774,-2.592971858519479,-0.8932390082537711,-0.0888656913199551,-1.622719631286676e-05,-0.01068060000869231,0.008147668093442917,0.00019811437232419848,0.0002164992329198867,0.0019608456641435623,1,0.0,1.0134619783100811,min_snap,0.0
0.0,0.0,-2,0.18587241531878465,-3.4407997211159986,-0.3854304816838494,0.07116308143079537,-0.16395218878056,0.21939952770737214,0.007813682779669762,0.00012767297448590398,0.0001874823065008968,0.001927879056893289,1,0.0,0.965795089776515,min_snap,0.0
0.0,0.0,-2,-0.07367076967444536,-1.6891236203246431,0.1821673986928447,0.07116308143079537,-0.16395218878056,-0.2747947414729257,0.0074577778577804565,0.00018323006224818528,0.00021800365357194096,0.00193353823851794,1,0.0,0.965795089776515,min_snap,0.0
0.0,0.0,-2,0.1979027654017745,-3.375902023703683,-0.5471280929144613,-0.1364026013796198,0.06879996274689133,0.6049617687847952,0.008719395846128464,0.00012876311666332185,0.0001888934784801677,0.0019263878930360079,0,0.0,0.965795089776515,min_snap,0.0
0.0,0.0,-2,0.3042790716071518,-2.0635666618416666,0.2734385536239108,-0.1364026013796198,0.06879996274689133,-0.9805077751490733,0.008044540882110596,0.00018331603496335447,0.0002130563516402617,0.0019470284460112453,0,0.0,0.965795089776515,min_snap,0.0
0.0,0.0,-2,0.12687883959274895,-3.313960401360279,-1.7527195168014778,-0.16946382476130994,-0.02884234370531045,0.12994058529404184,0.006363179534673691,8.621462620794773e-05,0.00017434464825782925,0.0018974337726831436,1,0.0,1.0366799224788972,min_snap,1000000000.0
0.0,0.0,-2,-0.033780975390548404,-3.732713247343144,-0.7514860928525298,-0.049916496879656984,0.16577986143289586,-0.012210293612207934,0.008174890652298927,0.00011952591012232006,0.00017765714437700808,0.0019409888191148639,0,0.0,1.0366799224788972,min_snap,0.0
0.0,0.0,-2,0.009790377364129889,-1.406443919991038,0.8519273913977252,-0.049916496879656984,0.16577986143289586,0.12462647358444712,0.008531272411346436,0.00018536427523940802,0.00021484159515239298,0.0019455011934041977,0,0.0,1.0366799224788972,min_snap,0.0
0.0,0.0,-2,0.08496240307096956,-3.382413592404033,-0.784944120436808,-0.15031194089449695,0.029559629079044743,0.9486357132580621,0.007857009768486023,9.688071440905333e-05,0.0001835551083786413,0.001890780171379447,1,0.0,1.147301647077703,min_snap,0.0
0.0,0.0,-2,0.18659662299770238,-1.783713243346131,0.798835413893332,-0.15031194089449695,0.029559629079044743,-0.40184919436904387,0.008258583024144173,0.00016919354675337672,0.0002129246131516993,0.001925657968968153,1,0.0,1.147301647077703,min_snap,0.0
0.0,0.0,-2,0.12009319815966207,-4.067622565782569,-0.775186232456452,0.10512277245230665,-0.13601416691042312,0.16741068760422273,0.006942726671695709,6.880215369164944e-05,0.00016202553524635732,0.0019028724636882544,0,0.0,1.147301647077703,min_snap,1000000000.0
0.0,0.0,-2,0.27470256839027857,-3.2611593226908155,-1.3134514983662648,-0.16962099649325688,-0.15058086892760333,0.4947191039707999,0.007496628910303116,0.00010747299529612064,0.00018327160796616226,0.0019076354801654816,1,0.0,0.9197473954042401,min_snap,1000000000.0
0.0,0.0,-2,0.12748641206096906,-3.4904415539082243,-0.4364577621847934,-0.08448604180884425,0.13315849479093375,0.29689963261154695,0.008712902665138245,0.00013485347153618932,0.0001873349247034639,0.001939751673489809,0,0.0,0.9197473954042401,min_snap,0.0
0.0,0.0,-2,0.10344819297038874,-1.2839529844415054,0.37899891542008746,-0.08448604180884425,0.13315849479093375,-0.4256269176814218,0.008519705384969711,0.00021093030227348208,0.0002261373883811757,0.0019553680904209614,0,0.0,0.9197473954042401,min_snap,0.0
0.0,0.0,-2,0.20518500504058648,-3.5806371187616537,-0.15330123295989262,-0.08044324865994573,0.07940448912482585,0.4226971427586417,0.009159501641988754,0.00013142789248377085,0.0001851245469879359,0.0019404429476708174,1,0.0,1.0639190679623436,min_snap,0.0
0.0,0.0,-2,0.13775794575174102,-1.5531996087603561,0.13692549179323743,-0.08044324865994573,0.07940448912482585,-0.2835358818385263,0.007471788674592972,0.00017667771317064762,0.0002175970730604604,0.001924475422129035,1,0.0,1.0639190679623436,min_snap,0.0
0.0,0.0,-2,-0.34930354462256197,-4.06282735150439,-0.3720287671885538,0.020465084716429993,0.030963063548676697,0.35591228405502817,0.008352141827344894,8.718640310689807e-05,0.00016560291987843812,0.0019226135918870568,0,0.0,1.0639190679623436,min_snap,0.0
0.0,0.0,-2,0.23313996881848728,-0.927789613571079,0.5393020717963815,0.020465084716429993,0.030963063548676697,-0.32688181003066497,0.008197091519832611,0.00018832675414159894,0.00021845487935934216,0.0019403442274779081,0,0.0,1.0639190679623436,min_snap,0.0
0.0,0.0,-2,-0.06826413739378266,-3.5278684443248665,0.8430069559895204,0.1516493276754335,0.16504423972157614,-0.027928038439478442,0.009589213877916336,0.00015230022836476564,0.00018693758465815336,0.0019679591059684753,1,0.0,1.0995200200631512,min_snap,0.0
0.0,0.0,-2,-0.028744937864595435,-1.5744498406347938,-0.665025689154016,0.1516493276754335,0.16504423972157614,0.2719274322178702,0.005503866821527481,0.00013806260540150106,0.0002099088451359421,0.0018840866396203637,1,0.0,1.0995200200631512,min_snap,0.0
0.0,0.0,-2,-0.285075646131176,-3.285491919466544,-0.8869978353495633,0.07451479943802511,-0.10532283173536139,0.24387081066635652,0.006544703617691994,0.00011080372496508062,0.000186412813491188,0.0019041006453335285,0,0.0,1.0995200200631512,min_snap,1000000000.0
0.0,0.0,-2,0.4444742698585571,-3.4180441844246845,-0.61032814787062,-0.062392657047040896,0.028202268330044657,0.18705661694077058,0.008034242317080498,0.0001288145431317389,0.00018694446771405637,0.0019311034120619297,1,0.0,1.0320721627403415,min_snap,0.0
0.0,0.0,-2,-0.08969585002816234,-1.250584057632647,0.4781238101731087,-0.062392657047040896,0.028202268330044657,0.02524621883896372,0.0084911547601223,0.0002047683228738606,0.00022566586267203093,0.0019470583647489548,1,0.0,1.0320721627403415,min_snap,0.0
0.0,0.0,-2,0.3370718642150973,-3.42562506594688,-0.802658334990288,-0.171745312125651,-0.022070027619888025,0.40566499630478425,0.008494406938552856,0.00012531399261206388,0.00018616049783304334,0.0019280299311503768,0,0.0,1.0320721627403415,min_snap,0.0
0.0,0.0,-2,0.02884688740298852,-1.5522274973636736,0.5724592963241113,-0.171745312125651,-0.022070027619888025,-0.1700166900965827,0.008590925484895706,0.00019288918701931834,0.00021939422003924847,0.0019453620770946145,0,0.0,1.0320721627403415,min_snap,0.0
0.0,0.0,-2,0.22278328289249189,-3.3718867923177824,-0.732708917019292,-0.1405538197497233,-0.038489607835878265,0.6787445108082633,0.00831887498497963,0.00011720199836418033,0.0001864194928202778,0.0019148408900946379,1,0.0,1.072360688984403,min_jerk,0.0
0.0,0.0,-2,0.15279027994190764,-1.5627122570554022,0.5342295039888278,-0.1405538197497233,-0.038489607835878265,-0.48140065272780874,0.008354280143976212,0.00019099196651950479,0.00021993881091475487,0.0019409029046073556,1,0.0,1.072360688984403,min_jerk,0.0
0.0,0.0,-2,-0.3061003211704347,-4.000580766519314,-2.029277897070531,-0.12143372179162484,-0.08963790917069056,0.14443238178757234,0.00682864710688591,4.583393456414342e-05,0.00015015563985798508,0.0018981688190251589,0,0.0,1.072360688984403,min_jerk,1000000000.0
0.0,0.0,-2,-0.16501693503254922,-4.124615212897604,-0.5382702115762505,0.11942924461692321,-0.1369544413412146,0.12203653255966707,0.007287966087460518,7.460213964805007e-05,0.00016211430192925036,0.0019117286428809166,1,0.0,1.15772649969365,min_jerk,0.0
0.0,0.0,-2,-0.10584620245182001,-0.9665072197984848,0.8946015698819094,0.11942924461692321,-0.1369544413412146,0.04422171513107842,0.008487222716212273,0.00018073481624014676,0.00021339570230338722,0.0019420397002249956,1,0.0,1.15772649969365,min_jerk,0.0
0.0,0.0,-2,0.12399523899101589,-3.908102687122747,-0.14512172712408677,-0.12926228528769973,0.17286455919276905,0.3388851443913319,0.009787976741790771,0.00012295908527448773,0.00017535832012072206,0.0019530553836375475,0,0.0,1.15772649969365,min_jerk,0.0
0.0,0.0,-2,0.032364900975333254,-1.1337191721198039,0.3562580561881741,-0.12926228528769973,0.17286455919276905,-0.5300437649104255,0.008511273190379143,0.00020149548072367907,0.00022127605916466564,0.0019535114988684654,0,0.0,1.15772649969365,min_jerk,0.0
0.0,0.0,-2,-0.12044234582294935,-3.69470442156984,-0.04723344800228846,0.1226071525425345,0.06252717500107355,0.0747280875828602,0.008429277688264847,0.00012823785073123872,0.00018133115372620523,0.0019450413528829813,1,0.0,1.0079842712824707,min_jerk,0.0
0.0,0.0,-2,-0.09289970300637863,-1.5792132878300742,0.23616095354149413,0.1226071525425345,0.06252717500107355,-0.04643528064223723,0.007442176342010498,0.0001763446198310703,0.0002152126544388011,0.0019301862921565771,1,0.0,1.0079842712824707,min_jerk,0.0
0.0,0.0,-2,0.003381404652311279,-3.9426086856873725,-0.051966375059534275,0.03245089301874498,-0.05537481285944976,0.6446325341847281,0.0084134042263031,8.679757593199611e-05,0.00016994852921925485,0.0019107931293547153,2.0047176227483887,Backstepping_1,0.0
0.0,0.0,-2,0.12866254549405026,-1.3625132973540763,0.034153158869568934,0.03245089301874498,-0.05537481285944976,-0.5261604030940192,0.0065453872084617615,0.00015525135677307844,0.00021214123989921063,0.0019052631687372923,0.6960417815837885,Backstepping_1,0.0
0.0,0.0,-2,-0.10248741356402546,-3.9245406464491337,-0.936389855720007,-0.09772818116443059,0.08807302792116707,0.24804051319626352,0.008052602410316467,8.993101073428988e-05,0.00016749592032283545,0.0019217574736103415,3.1341873358470975,Backstepping_1,1000000000.0
0.0,0.0,-2,0.04568761722234252,-3.5932284176663023,-1.5786301239236957,-0.025349191737895845,-0.020877988385105305,0.06530220905807993,0.006231531500816345,8.006818825379014e-05,0.0001699761050986126,0.0018992491532117128,1.5162264828594592,Backstepping_1,1000000000.0
0.0,0.0,-2,-0.08924300256043297,-3.8856120459320445,-0.38303581527225816,0.1190260390429819,-0.09550776747408922,0.308874444165502,0.0073921941220760345,8.695031283423305e-05,0.0001706430339254439,0.001908726291731,2.2697175629759716,Backstepping_1,3184.4451878669183
0.0,0.0,-2,0.1589960554620147,-0.8629637200531004,0.5529986513533771,0.1190260390429819,-0.09550776747408922,-0.40603510936233,0.008522383868694305,0.00020652799867093563,0.00022446313232649118,0.0019528204575181007,0.6027864689337424,Backstepping_1,170.7627134615705
0.0,0.0,-2,0.11402016652462335,-3.5578728787429554,-0.03894261438360225,-0.09009537255855192,0.17302921871646781,0.25138838688400766,0.009474804624915123,0.00014481268590316176,0.00018774467753246427,0.001954348525032401,1.74186261641555,Backstepping_2,1878.8276170911947
0.0,0.0,-2,0.05258576558920372,-1.3110268211664082,-0.042675373631169355,-0.09009537255855192,0.17302921871646781,-0.31221572955581145,0.007501862943172455,0.00019247434101998806,0.0002234831335954368,0.0019333643140271306,0.6423397611761167,Backstepping_2,212.67086882174465
0.0,0.0,-2,0.28847193951506733,-3.5716501765324034,0.0428061404248572,0.05405992962185199,-0.12400629251123038,0.3347094813969471,0.008828859776258469,0.00013098318595439196,0.00018510918016545475,0.0019396451534703374,1.1639371818282862,Backstepping_3,770.4421433745537
0.0,0.0,-2,-0.07994921799541138,-1.604366009162344,0.1439104372991915,0.05405992962185199,-0.12400629251123038,-0.5103487213465832,0.007629755884408951,0.000185566081199795,0.0002178903523599729,0.0019375273259356618,0.5238362846838338,Backstepping_3,85.01872647838506
0.0,0.0,-2,0.30142572016423136,-3.370334694900057,-0.6775181603365161,-0.15742377762031343,0.13283590197826725,-0.028068705401148364,0.008762979879975319,0.00015408411854878068,0.00019209574384149164,0.0019569178111851215,1.6692791304375092,Backstepping_4,1730.0000649612568
0.0,0.0,-2,0.18523167805902824,-3.0867358549283157,-0.20910269378233526,0.05422160862314468,-0.10725861030898896,0.13884814182785554,0.008461439982056618,0.0001678896660450846,0.0002028579474426806,0.0019500615308061242,1.786135859225851,Backstepping_1,1977.762841285072
0.0,0.0,-2,-0.05651708544442735,-1.5872493605946074,0.15186904915468036,0.05422160862314468,-0.10725861030898896,-0.21038071711989836,0.00839131698012352,0.00021824304712936282,0.00022947262914385647,0.001957909669727087,0.9194761747074404,Backstepping_1,460.57577017879186
0.0,0.0,-2,-0.3233425555782315,-3.2616042397820593,-0.8080381660338496,0.011358925989184837,0.05620479444595573,0.019831971326146558,0.007548537105321884,0.0001421145861968398,0.0001924000825965777,0.0019371614325791597,2.3397850088034535,Backstepping_2,3385.421431857435
0.0,0.0,-2,0.498243952539531,-1.7677450464320943,0.6980267310564101,0.011358925989184837,0.05620479444595573,0.011534766354833081,0.008181847631931305,0.00018998017185367644,0.00021757141803391278,0.0019453541608527303,1.3618376013022562,Backstepping_2,1028.1674460128438
0.0,0.0,-2,0.037740001046542654,-3.5069625977705314,0.4706126174611296,0.04781091302730007,0.07938895698139489,0.3436728278782706,0.009790096431970596,0.00014853343600407243,0.0001884599623735994,0.0019584293477237225,2.748464928563208,Backstepping_3,4533.166651962511
0.0,0.0,-2,0.12009031431713044,-1.3697274545023483,-0.44922589510019373,0.04781091302730007,0.07938895698139489,-0.5629297932002209,0.006620515137910843,0.00017813791055232286,0.0002195525012211874,0.0019212334882467985,1.1235151368046519,Backstepping_3,469.7936507995212
0.0,0.0,-2,-0.6272350014826475,-3.176118228235027,-1.0310085090623735,-0.1055621805365114,-0.1638978706809176,0.5218877355244498,0.007227754220366478,0.0001110653392970562,0.00018705683760344982,0.0019032023847103119,2.195142505049073,Backstepping_1,1000000000.0
0.0,0.0,-2,-0.4507009911529552,-4.441342037543655,-0.9628510493754008,-0.11771601660896613,0.10971586241246353,0.23704059521225496,0.00909736379981041,7.468409603461623e-05,0.0001523536047898233,0.001937942230142653,2.8319066996090987,Backstepping_2,1000000000.0
0.0,0.0,-2,-0.1427048633705108,-4.741653641174508,0.43554856062210856,0.04017290366153452,0.10887865483063795,-0.10584942897292593,0.010424060747027397,9.40917816478759e-05,0.00014961630222387612,0.001975385472178459,2.0773305437937597,Backstepping_3,2635.2862146964926
0.0,0.0,-2,0.009387397443510963,-0.3205651822096618,0.009584442342915445,0.04017290366153452,0.10887865483063795,-0.008953972658838794,0.007362600415945053,0.00018844494479708374,0.00021979738085065037,0.0019362097373232245,0.13991126039140014,Backstepping_3,21.6926733308989
0.0,0.0,-2,0.021946141896777044,-0.458463511253421,-0.48037876490406495,0.04017290366153452,0.10887865483063795,0.021667555966649488,0.008778804913163185,0.00027098687132820487,0.0002577681443654001,0.001963934861123562,0.28972721786096406,Backstepping_3,70.59160212997404
0.0,0.0,-2,0.004905173370358118,-0.3552141617749003,-0.21550906450602847,0.04017290366153452,0.10887865483063795,0.02216418186691782,0.010634692385792732,0.000344546017004177,0.0002846729476004839,0.0020074276253581047,0.18118980738702778,Backstepping_3,1000000000.0
0.0,0.0,-2,0.03906112429718345,-4.830011894799653,-1.564239559324569,-0.1361767844899891,-0.08534881206769285,0.31508906284836313,0.008746838197112083,3.174826269969344e-05,0.00013327067426871508,0.0019208949524909258,3.671638677176471,Backstepping_4,1000000000.0
0.0,0.0,-2,-0.21678225452933073,-4.825581465089943,1.378519647009941,0.1103146598301693,0.14581219022343558,0.0677662650730948,0.011453395709395409,8.83016618900001e-05,0.00014275964349508286,0.001984582981094718,2.438800578233956,Backstepping_1,1000000000.0
0.0,0.0,-2,-1.0370766694239189,-5.287187153897449,0.05901659816585014,0.1342677570255851,-0.006260401244866273,0.5464609424260001,0.00972624123096466,2.2720079869031906e-05,0.00012462968879844993,0.001929671154357493,4.718325308363993,Backstepping_2,1000000000.0
0.0,0.0,-2,-0.4302374376088959,-4.816059515582542,-0.04765635615369623,0.05922654654856652,0.06192021257877952,0.19543917576340242,0.009381663054227829,6.168120307847857e-05,0.00014343648217618465,0.0019410313107073307,2.147011513255503,Backstepping_3,2741.3253730230317
0.0,0.0,-2,-0.35836971491989544,-4.560231151903371,-0.8067695033013509,-0.07211942266282903,0.06793342126006136,0.15763791004684946,0.009044259786605835,7.178256055340171e-05,0.0001501038350397721,0.0019392314134165645,2.3240402314389437,Backstepping_4,1000000000.0
